{
  "timestamp": "2026-06-09T17:35:11.204265",
  "v2_stats": {
    "pattern_count": 49,
    "high_score_count": 132,
    "accuracy": 52.27272727272727
  },
  "v21_stats": {
    "pattern_count": 272,
    "high_score_count": 223,
    "accuracy": 49.327354260089685
  }
}